Page URL,Page Title,Outcome,Impact,Code Snippet,Selector,Remediation,Manual,Rule ID,Help,Description,Help URL,Standard,WCAG 2 Success Criteria,Section 508 Paragraph,Tags,Date,axe-core,Needs Review,IGT,Found By,Test Title,Share URL
http://localhost/,A11yResults.rtl-component,Failed,Critical,"<button value=""submit""></button>",button,"Fix any of the following:
  Element does not have inner text that is visible to screen readers
  aria-label attribute does not exist or is empty
  aria-labelledby attribute does not exist, references elements that do not exist or references elements that are empty
  Element has no title attribute
  Element's default semantics were not overridden with role=""none"" or role=""presentation""",false,button-name,Buttons must have discernible text,Ensure buttons have discernible text,https://dequeuniversity.com/rules/axe/4.10/button-name?application=AxeDevToolsAPI,WCAG 2.0 Level A,"4.1.2 Name, Role, Value",Paragraph A - Equivalent alternatives for non-text elements,"cat.name-role-value, wcag2a, wcag412, section508, section508.22.a, TTv5, TT6.a, EN-301-549, EN-9.4.1.2, ACT",2024-09-03T15:48:44.287Z,4.10.0,No,,,A11yResults.rtl-component,
http://localhost/,A11yResults.rtl-component,Failed,Critical,"<img src=""image.jpg"">",img,"Fix any of the following:
  Element does not have an alt attribute
  aria-label attribute does not exist or is empty
  aria-labelledby attribute does not exist, references elements that do not exist or references elements that are empty
  Element has no title attribute
  Element's default semantics were not overridden with role=""none"" or role=""presentation""",false,image-alt,Images must have alternate text,Ensure <img> elements have alternate text or a role of none or presentation,https://dequeuniversity.com/rules/axe/4.10/image-alt?application=AxeDevToolsAPI,WCAG 2.0 Level A,1.1.1 Non-text Content,Paragraph A - Equivalent alternatives for non-text elements,"cat.text-alternatives, wcag2a, wcag111, section508, section508.22.a, TTv5, TT7.a, TT7.b, EN-301-549, EN-9.1.1.1, ACT",2024-09-03T15:48:44.287Z,4.10.0,No,,,A11yResults.rtl-component,
http://localhost/,A11yResults.rtl-component,Needs review,,,,,false,color-contrast,Elements must meet minimum color contrast ratio thresholds,Ensure the contrast between foreground and background colors meets WCAG 2 AA minimum contrast ratio thresholds,https://dequeuniversity.com/rules/axe/4.10/color-contrast?application=AxeDevToolsAPI,WCAG 2.0 Level AA,1.4.3 Contrast (Minimum),,"cat.color, wcag2aa, wcag143, TTv5, TT13.c, EN-301-549, EN-9.1.4.3, ACT",2024-09-03T15:48:44.287Z,4.10.0,Yes,,,A11yResults.rtl-component,
http://localhost/,A11yResults.rtl-component,Inapplicable,,,,,false,area-alt,Active <area> elements must have alternate text,Ensure <area> elements of image maps have alternate text,https://dequeuniversity.com/rules/axe/4.10/area-alt?application=AxeDevToolsAPI,WCAG 2.0 Level A,"2.4.4 Link Purpose (In Context), 4.1.2 Name, Role, Value",Paragraph A - Equivalent alternatives for non-text elements,"cat.text-alternatives, wcag2a, wcag244, wcag412, section508, section508.22.a, TTv5, TT6.a, EN-301-549, EN-9.2.4.4, EN-9.4.1.2, ACT",2024-09-03T15:48:44.287Z,4.10.0,No,,,A11yResults.rtl-component,
http://localhost/,A11yResults.rtl-component,Inapplicable,,,,,false,aria-allowed-attr,Elements must only use supported ARIA attributes,Ensure an element's role supports its ARIA attributes,https://dequeuniversity.com/rules/axe/4.10/aria-allowed-attr?application=AxeDevToolsAPI,WCAG 2.0 Level A,"4.1.2 Name, Role, Value",,"cat.aria, wcag2a, wcag412, EN-301-549, EN-9.4.1.2",2024-09-03T15:48:44.287Z,4.10.0,No,,,A11yResults.rtl-component,
http://localhost/,A11yResults.rtl-component,Inapplicable,,,,,false,aria-braille-equivalent,aria-braille attributes must have a non-braille equivalent,Ensure aria-braillelabel and aria-brailleroledescription have a non-braille equivalent,https://dequeuniversity.com/rules/axe/4.10/aria-braille-equivalent?application=AxeDevToolsAPI,WCAG 2.0 Level A,"4.1.2 Name, Role, Value",,"cat.aria, wcag2a, wcag412, EN-301-549, EN-9.4.1.2",2024-09-03T15:48:44.287Z,4.10.0,No,,,A11yResults.rtl-component,
http://localhost/,A11yResults.rtl-component,Inapplicable,,,,,false,aria-command-name,ARIA commands must have an accessible name,"Ensure every ARIA button, link and menuitem has an accessible name",https://dequeuniversity.com/rules/axe/4.10/aria-command-name?application=AxeDevToolsAPI,WCAG 2.0 Level A,"4.1.2 Name, Role, Value",,"cat.aria, wcag2a, wcag412, TTv5, TT6.a, EN-301-549, EN-9.4.1.2, ACT",2024-09-03T15:48:44.287Z,4.10.0,No,,,A11yResults.rtl-component,
http://localhost/,A11yResults.rtl-component,Inapplicable,,,,,false,aria-conditional-attr,ARIA attributes must be used as specified for the element's role,Ensure ARIA attributes are used as described in the specification of the element's role,https://dequeuniversity.com/rules/axe/4.10/aria-conditional-attr?application=AxeDevToolsAPI,WCAG 2.0 Level A,"4.1.2 Name, Role, Value",,"cat.aria, wcag2a, wcag412, EN-301-549, EN-9.4.1.2",2024-09-03T15:48:44.287Z,4.10.0,No,,,A11yResults.rtl-component,
http://localhost/,A11yResults.rtl-component,Inapplicable,,,,,false,aria-deprecated-role,Deprecated ARIA roles must not be used,Ensure elements do not use deprecated roles,https://dequeuniversity.com/rules/axe/4.10/aria-deprecated-role?application=AxeDevToolsAPI,WCAG 2.0 Level A,"4.1.2 Name, Role, Value",,"cat.aria, wcag2a, wcag412, EN-301-549, EN-9.4.1.2",2024-09-03T15:48:44.287Z,4.10.0,No,,,A11yResults.rtl-component,
http://localhost/,A11yResults.rtl-component,Inapplicable,,,,,false,aria-hidden-body,"aria-hidden=""true"" must not be present on the document body","Ensure aria-hidden=""true"" is not present on the document body.",https://dequeuniversity.com/rules/axe/4.10/aria-hidden-body?application=AxeDevToolsAPI,WCAG 2.0 Level A,"1.3.1 Info and Relationships, 4.1.2 Name, Role, Value",,"cat.aria, wcag2a, wcag131, wcag412, EN-301-549, EN-9.1.3.1, EN-9.4.1.2",2024-09-03T15:48:44.287Z,4.10.0,No,,,A11yResults.rtl-component,
http://localhost/,A11yResults.rtl-component,Inapplicable,,,,,false,aria-hidden-focus,ARIA hidden element must not be focusable or contain focusable elements,Ensure aria-hidden elements are not focusable nor contain focusable elements,https://dequeuniversity.com/rules/axe/4.10/aria-hidden-focus?application=AxeDevToolsAPI,WCAG 2.0 Level A,"4.1.2 Name, Role, Value",,"cat.name-role-value, wcag2a, wcag412, TTv5, TT6.a, EN-301-549, EN-9.4.1.2",2024-09-03T15:48:44.287Z,4.10.0,No,,,A11yResults.rtl-component,
http://localhost/,A11yResults.rtl-component,Inapplicable,,,,,false,aria-input-field-name,ARIA input fields must have an accessible name,Ensure every ARIA input field has an accessible name,https://dequeuniversity.com/rules/axe/4.10/aria-input-field-name?application=AxeDevToolsAPI,WCAG 2.0 Level A,"4.1.2 Name, Role, Value",,"cat.aria, wcag2a, wcag412, TTv5, TT5.c, EN-301-549, EN-9.4.1.2, ACT",2024-09-03T15:48:44.287Z,4.10.0,No,,,A11yResults.rtl-component,
http://localhost/,A11yResults.rtl-component,Inapplicable,,,,,false,aria-meter-name,ARIA meter nodes must have an accessible name,Ensure every ARIA meter node has an accessible name,https://dequeuniversity.com/rules/axe/4.10/aria-meter-name?application=AxeDevToolsAPI,WCAG 2.0 Level A,1.1.1 Non-text Content,,"cat.aria, wcag2a, wcag111, EN-301-549, EN-9.1.1.1",2024-09-03T15:48:44.287Z,4.10.0,No,,,A11yResults.rtl-component,
http://localhost/,A11yResults.rtl-component,Inapplicable,,,,,false,aria-progressbar-name,ARIA progressbar nodes must have an accessible name,Ensure every ARIA progressbar node has an accessible name,https://dequeuniversity.com/rules/axe/4.10/aria-progressbar-name?application=AxeDevToolsAPI,WCAG 2.0 Level A,1.1.1 Non-text Content,,"cat.aria, wcag2a, wcag111, EN-301-549, EN-9.1.1.1",2024-09-03T15:48:44.287Z,4.10.0,No,,,A11yResults.rtl-component,
http://localhost/,A11yResults.rtl-component,Inapplicable,,,,,false,aria-prohibited-attr,Elements must only use permitted ARIA attributes,Ensure ARIA attributes are not prohibited for an element's role,https://dequeuniversity.com/rules/axe/4.10/aria-prohibited-attr?application=AxeDevToolsAPI,WCAG 2.0 Level A,"4.1.2 Name, Role, Value",,"cat.aria, wcag2a, wcag412, EN-301-549, EN-9.4.1.2",2024-09-03T15:48:44.287Z,4.10.0,No,,,A11yResults.rtl-component,
http://localhost/,A11yResults.rtl-component,Inapplicable,,,,,false,aria-required-attr,Required ARIA attributes must be provided,Ensure elements with ARIA roles have all required ARIA attributes,https://dequeuniversity.com/rules/axe/4.10/aria-required-attr?application=AxeDevToolsAPI,WCAG 2.0 Level A,"4.1.2 Name, Role, Value",,"cat.aria, wcag2a, wcag412, EN-301-549, EN-9.4.1.2",2024-09-03T15:48:44.287Z,4.10.0,No,,,A11yResults.rtl-component,
http://localhost/,A11yResults.rtl-component,Inapplicable,,,,,false,aria-required-children,Certain ARIA roles must contain particular children,Ensure elements with an ARIA role that require child roles contain them,https://dequeuniversity.com/rules/axe/4.10/aria-required-children?application=AxeDevToolsAPI,WCAG 2.0 Level A,1.3.1 Info and Relationships,,"cat.aria, wcag2a, wcag131, EN-301-549, EN-9.1.3.1",2024-09-03T15:48:44.287Z,4.10.0,No,,,A11yResults.rtl-component,
http://localhost/,A11yResults.rtl-component,Inapplicable,,,,,false,aria-required-parent,Certain ARIA roles must be contained by particular parents,Ensure elements with an ARIA role that require parent roles are contained by them,https://dequeuniversity.com/rules/axe/4.10/aria-required-parent?application=AxeDevToolsAPI,WCAG 2.0 Level A,1.3.1 Info and Relationships,,"cat.aria, wcag2a, wcag131, EN-301-549, EN-9.1.3.1",2024-09-03T15:48:44.287Z,4.10.0,No,,,A11yResults.rtl-component,
http://localhost/,A11yResults.rtl-component,Inapplicable,,,,,false,aria-roles,ARIA roles used must conform to valid values,Ensure all elements with a role attribute use a valid value,https://dequeuniversity.com/rules/axe/4.10/aria-roles?application=AxeDevToolsAPI,WCAG 2.0 Level A,"4.1.2 Name, Role, Value",,"cat.aria, wcag2a, wcag412, EN-301-549, EN-9.4.1.2",2024-09-03T15:48:44.287Z,4.10.0,No,,,A11yResults.rtl-component,
http://localhost/,A11yResults.rtl-component,Inapplicable,,,,,false,aria-toggle-field-name,ARIA toggle fields must have an accessible name,Ensure every ARIA toggle field has an accessible name,https://dequeuniversity.com/rules/axe/4.10/aria-toggle-field-name?application=AxeDevToolsAPI,WCAG 2.0 Level A,"4.1.2 Name, Role, Value",,"cat.aria, wcag2a, wcag412, TTv5, TT5.c, EN-301-549, EN-9.4.1.2, ACT",2024-09-03T15:48:44.287Z,4.10.0,No,,,A11yResults.rtl-component,
http://localhost/,A11yResults.rtl-component,Inapplicable,,,,,false,aria-tooltip-name,ARIA tooltip nodes must have an accessible name,Ensure every ARIA tooltip node has an accessible name,https://dequeuniversity.com/rules/axe/4.10/aria-tooltip-name?application=AxeDevToolsAPI,WCAG 2.0 Level A,"4.1.2 Name, Role, Value",,"cat.aria, wcag2a, wcag412, EN-301-549, EN-9.4.1.2",2024-09-03T15:48:44.287Z,4.10.0,No,,,A11yResults.rtl-component,
http://localhost/,A11yResults.rtl-component,Inapplicable,,,,,false,aria-valid-attr,ARIA attributes must conform to valid names,Ensure attributes that begin with aria- are valid ARIA attributes,https://dequeuniversity.com/rules/axe/4.10/aria-valid-attr?application=AxeDevToolsAPI,WCAG 2.0 Level A,"4.1.2 Name, Role, Value",,"cat.aria, wcag2a, wcag412, EN-301-549, EN-9.4.1.2",2024-09-03T15:48:44.287Z,4.10.0,No,,,A11yResults.rtl-component,
http://localhost/,A11yResults.rtl-component,Inapplicable,,,,,false,aria-valid-attr-value,ARIA attributes must conform to valid values,Ensure all ARIA attributes have valid values,https://dequeuniversity.com/rules/axe/4.10/aria-valid-attr-value?application=AxeDevToolsAPI,WCAG 2.0 Level A,"4.1.2 Name, Role, Value",,"cat.aria, wcag2a, wcag412, EN-301-549, EN-9.4.1.2",2024-09-03T15:48:44.287Z,4.10.0,No,,,A11yResults.rtl-component,
http://localhost/,A11yResults.rtl-component,Inapplicable,,,,,false,blink,<blink> elements are deprecated and must not be used,Ensure <blink> elements are not used,https://dequeuniversity.com/rules/axe/4.10/blink?application=AxeDevToolsAPI,WCAG 2.0 Level A,"2.2.2 Pause, Stop, Hide",Paragraph J - Screen flicker in range of 2 - 55 Hz,"cat.time-and-media, wcag2a, wcag222, section508, section508.22.j, TTv5, TT2.b, EN-301-549, EN-9.2.2.2",2024-09-03T15:48:44.287Z,4.10.0,No,,,A11yResults.rtl-component,
http://localhost/,A11yResults.rtl-component,Inapplicable,,,,,false,definition-list,"<dl> elements must only directly contain properly-ordered <dt> and <dd> groups, <script>, <template> or <div> elements",Ensure <dl> elements are structured correctly,https://dequeuniversity.com/rules/axe/4.10/definition-list?application=AxeDevToolsAPI,WCAG 2.0 Level A,1.3.1 Info and Relationships,,"cat.structure, wcag2a, wcag131, EN-301-549, EN-9.1.3.1",2024-09-03T15:48:44.287Z,4.10.0,No,,,A11yResults.rtl-component,
http://localhost/,A11yResults.rtl-component,Inapplicable,,,,,false,dlitem,<dt> and <dd> elements must be contained by a <dl>,Ensure <dt> and <dd> elements are contained by a <dl>,https://dequeuniversity.com/rules/axe/4.10/dlitem?application=AxeDevToolsAPI,WCAG 2.0 Level A,1.3.1 Info and Relationships,,"cat.structure, wcag2a, wcag131, EN-301-549, EN-9.1.3.1",2024-09-03T15:48:44.287Z,4.10.0,No,,,A11yResults.rtl-component,
http://localhost/,A11yResults.rtl-component,Inapplicable,,,,,false,document-title,Documents must have <title> element to aid in navigation,Ensure each HTML document contains a non-empty <title> element,https://dequeuniversity.com/rules/axe/4.10/document-title?application=AxeDevToolsAPI,WCAG 2.0 Level A,2.4.2 Page Titled,,"cat.text-alternatives, wcag2a, wcag242, TTv5, TT12.a, EN-301-549, EN-9.2.4.2, ACT",2024-09-03T15:48:44.287Z,4.10.0,No,,,A11yResults.rtl-component,
http://localhost/,A11yResults.rtl-component,Inapplicable,,,,,false,duplicate-id-aria,IDs used in ARIA and labels must be unique,Ensure every id attribute value used in ARIA and in labels is unique,https://dequeuniversity.com/rules/axe/4.10/duplicate-id-aria?application=AxeDevToolsAPI,WCAG 2.0 Level A,"4.1.2 Name, Role, Value",,"cat.parsing, wcag2a, wcag412, EN-301-549, EN-9.4.1.2",2024-09-03T15:48:44.287Z,4.10.0,No,,,A11yResults.rtl-component,
http://localhost/,A11yResults.rtl-component,Inapplicable,,,,,false,form-field-multiple-labels,Form field must not have multiple label elements,Ensure form field does not have multiple label elements,https://dequeuniversity.com/rules/axe/4.10/form-field-multiple-labels?application=AxeDevToolsAPI,WCAG 2.0 Level A,3.3.2 Labels or Instructions,,"cat.forms, wcag2a, wcag332, TTv5, TT5.c, EN-301-549, EN-9.3.3.2",2024-09-03T15:48:44.287Z,4.10.0,No,,,A11yResults.rtl-component,
http://localhost/,A11yResults.rtl-component,Inapplicable,,,,,false,frame-focusable-content,Frames with focusable content must not have tabindex=-1,Ensure <frame> and <iframe> elements with focusable content do not have tabindex=-1,https://dequeuniversity.com/rules/axe/4.10/frame-focusable-content?application=AxeDevToolsAPI,WCAG 2.0 Level A,2.1.1 Keyboard,,"cat.keyboard, wcag2a, wcag211, TTv5, TT4.a, EN-301-549, EN-9.2.1.1",2024-09-03T15:48:44.287Z,4.10.0,No,,,A11yResults.rtl-component,
http://localhost/,A11yResults.rtl-component,Inapplicable,,,,,false,frame-title,Frames must have an accessible name,Ensure <iframe> and <frame> elements have an accessible name,https://dequeuniversity.com/rules/axe/4.10/frame-title?application=AxeDevToolsAPI,WCAG 2.0 Level A,"4.1.2 Name, Role, Value",Paragraph I - Title frames/iframes to facilitate frame identification and navigation,"cat.text-alternatives, wcag2a, wcag412, section508, section508.22.i, TTv5, TT12.d, EN-301-549, EN-9.4.1.2",2024-09-03T15:48:44.287Z,4.10.0,No,,,A11yResults.rtl-component,
http://localhost/,A11yResults.rtl-component,Inapplicable,,,,,false,frame-title-unique,Frames must have a unique title attribute,Ensure <iframe> and <frame> elements contain a unique title attribute,https://dequeuniversity.com/rules/axe/4.10/frame-title-unique?application=AxeDevToolsAPI,WCAG 2.0 Level A,"4.1.2 Name, Role, Value",,"cat.text-alternatives, wcag2a, wcag412, TTv5, TT12.d, EN-301-549, EN-9.4.1.2",2024-09-03T15:48:44.287Z,4.10.0,No,,,A11yResults.rtl-component,
http://localhost/,A11yResults.rtl-component,Inapplicable,,,,,false,html-has-lang,<html> element must have a lang attribute,Ensure every HTML document has a lang attribute,https://dequeuniversity.com/rules/axe/4.10/html-has-lang?application=AxeDevToolsAPI,WCAG 2.0 Level A,3.1.1 Language of Page,,"cat.language, wcag2a, wcag311, TTv5, TT11.a, EN-301-549, EN-9.3.1.1, ACT",2024-09-03T15:48:44.287Z,4.10.0,No,,,A11yResults.rtl-component,
http://localhost/,A11yResults.rtl-component,Inapplicable,,,,,false,html-lang-valid,<html> element must have a valid value for the lang attribute,Ensure the lang attribute of the <html> element has a valid value,https://dequeuniversity.com/rules/axe/4.10/html-lang-valid?application=AxeDevToolsAPI,WCAG 2.0 Level A,3.1.1 Language of Page,,"cat.language, wcag2a, wcag311, TTv5, TT11.a, EN-301-549, EN-9.3.1.1, ACT",2024-09-03T15:48:44.287Z,4.10.0,No,,,A11yResults.rtl-component,
http://localhost/,A11yResults.rtl-component,Inapplicable,,,,,false,html-xml-lang-mismatch,HTML elements with lang and xml:lang must have the same base language,Ensure that HTML elements with both valid lang and xml:lang attributes agree on the base language of the page,https://dequeuniversity.com/rules/axe/4.10/html-xml-lang-mismatch?application=AxeDevToolsAPI,WCAG 2.0 Level A,3.1.1 Language of Page,,"cat.language, wcag2a, wcag311, EN-301-549, EN-9.3.1.1, ACT",2024-09-03T15:48:44.287Z,4.10.0,No,,,A11yResults.rtl-component,
http://localhost/,A11yResults.rtl-component,Inapplicable,,,,,false,input-button-name,Input buttons must have discernible text,Ensure input buttons have discernible text,https://dequeuniversity.com/rules/axe/4.10/input-button-name?application=AxeDevToolsAPI,WCAG 2.0 Level A,"4.1.2 Name, Role, Value",Paragraph A - Equivalent alternatives for non-text elements,"cat.name-role-value, wcag2a, wcag412, section508, section508.22.a, TTv5, TT5.c, EN-301-549, EN-9.4.1.2, ACT",2024-09-03T15:48:44.287Z,4.10.0,No,,,A11yResults.rtl-component,
http://localhost/,A11yResults.rtl-component,Inapplicable,,,,,false,input-image-alt,Image buttons must have alternate text,"Ensure <input type=""image""> elements have alternate text",https://dequeuniversity.com/rules/axe/4.10/input-image-alt?application=AxeDevToolsAPI,WCAG 2.0 Level A,"1.1.1 Non-text Content, 4.1.2 Name, Role, Value",Paragraph A - Equivalent alternatives for non-text elements,"cat.text-alternatives, wcag2a, wcag111, wcag412, section508, section508.22.a, TTv5, TT7.a, EN-301-549, EN-9.1.1.1, EN-9.4.1.2, ACT",2024-09-03T15:48:44.287Z,4.10.0,No,,,A11yResults.rtl-component,
http://localhost/,A11yResults.rtl-component,Inapplicable,,,,,false,label,Form elements must have labels,Ensure every form element has a label,https://dequeuniversity.com/rules/axe/4.10/label?application=AxeDevToolsAPI,WCAG 2.0 Level A,"4.1.2 Name, Role, Value",Paragraph N - Electronic forms,"cat.forms, wcag2a, wcag412, section508, section508.22.n, TTv5, TT5.c, EN-301-549, EN-9.4.1.2, ACT",2024-09-03T15:48:44.287Z,4.10.0,No,,,A11yResults.rtl-component,
http://localhost/,A11yResults.rtl-component,Inapplicable,,,,,false,link-in-text-block,Links must be distinguishable without relying on color,Ensure links are distinguished from surrounding text in a way that does not rely on color,https://dequeuniversity.com/rules/axe/4.10/link-in-text-block?application=AxeDevToolsAPI,WCAG 2.0 Level A,1.4.1 Use of Color,,"cat.color, wcag2a, wcag141, TTv5, TT13.a, EN-301-549, EN-9.1.4.1",2024-09-03T15:48:44.287Z,4.10.0,No,,,A11yResults.rtl-component,
http://localhost/,A11yResults.rtl-component,Inapplicable,,,,,false,link-name,Links must have discernible text,Ensure links have discernible text,https://dequeuniversity.com/rules/axe/4.10/link-name?application=AxeDevToolsAPI,WCAG 2.0 Level A,"2.4.4 Link Purpose (In Context), 4.1.2 Name, Role, Value",Paragraph A - Equivalent alternatives for non-text elements,"cat.name-role-value, wcag2a, wcag244, wcag412, section508, section508.22.a, TTv5, TT6.a, EN-301-549, EN-9.2.4.4, EN-9.4.1.2, ACT",2024-09-03T15:48:44.287Z,4.10.0,No,,,A11yResults.rtl-component,
http://localhost/,A11yResults.rtl-component,Inapplicable,,,,,false,list,"<ul> and <ol> must only directly contain <li>, <script> or <template> elements",Ensure that lists are structured correctly,https://dequeuniversity.com/rules/axe/4.10/list?application=AxeDevToolsAPI,WCAG 2.0 Level A,1.3.1 Info and Relationships,,"cat.structure, wcag2a, wcag131, EN-301-549, EN-9.1.3.1",2024-09-03T15:48:44.287Z,4.10.0,No,,,A11yResults.rtl-component,
http://localhost/,A11yResults.rtl-component,Inapplicable,,,,,false,listitem,<li> elements must be contained in a <ul> or <ol>,Ensure <li> elements are used semantically,https://dequeuniversity.com/rules/axe/4.10/listitem?application=AxeDevToolsAPI,WCAG 2.0 Level A,1.3.1 Info and Relationships,,"cat.structure, wcag2a, wcag131, EN-301-549, EN-9.1.3.1",2024-09-03T15:48:44.287Z,4.10.0,No,,,A11yResults.rtl-component,
http://localhost/,A11yResults.rtl-component,Inapplicable,,,,,false,marquee,<marquee> elements are deprecated and must not be used,Ensure <marquee> elements are not used,https://dequeuniversity.com/rules/axe/4.10/marquee?application=AxeDevToolsAPI,WCAG 2.0 Level A,"2.2.2 Pause, Stop, Hide",,"cat.parsing, wcag2a, wcag222, TTv5, TT2.b, EN-301-549, EN-9.2.2.2",2024-09-03T15:48:44.287Z,4.10.0,No,,,A11yResults.rtl-component,
http://localhost/,A11yResults.rtl-component,Inapplicable,,,,,false,meta-refresh,Delayed refresh under 20 hours must not be used,"Ensure <meta http-equiv=""refresh""> is not used for delayed refresh",https://dequeuniversity.com/rules/axe/4.10/meta-refresh?application=AxeDevToolsAPI,WCAG 2.0 Level A,2.2.1 Timing Adjustable,,"cat.time-and-media, wcag2a, wcag221, TTv5, TT8.a, EN-301-549, EN-9.2.2.1",2024-09-03T15:48:44.287Z,4.10.0,No,,,A11yResults.rtl-component,
http://localhost/,A11yResults.rtl-component,Inapplicable,,,,,false,no-autoplay-audio,<video> or <audio> elements must not play automatically,Ensure <video> or <audio> elements do not autoplay audio for more than 3 seconds without a control mechanism to stop or mute the audio,https://dequeuniversity.com/rules/axe/4.10/no-autoplay-audio?application=AxeDevToolsAPI,WCAG 2.0 Level A,1.4.2 Audio Control,,"cat.time-and-media, wcag2a, wcag142, TTv5, TT2.a, EN-301-549, EN-9.1.4.2, ACT",2024-09-03T15:48:44.287Z,4.10.0,No,,,A11yResults.rtl-component,
http://localhost/,A11yResults.rtl-component,Inapplicable,,,,,false,object-alt,<object> elements must have alternate text,Ensure <object> elements have alternate text,https://dequeuniversity.com/rules/axe/4.10/object-alt?application=AxeDevToolsAPI,WCAG 2.0 Level A,1.1.1 Non-text Content,Paragraph A - Equivalent alternatives for non-text elements,"cat.text-alternatives, wcag2a, wcag111, section508, section508.22.a, EN-301-549, EN-9.1.1.1",2024-09-03T15:48:44.287Z,4.10.0,No,,,A11yResults.rtl-component,
http://localhost/,A11yResults.rtl-component,Inapplicable,,,,,false,role-img-alt,"[role=""img""] elements must have an alternative text","Ensure [role=""img""] elements have alternate text",https://dequeuniversity.com/rules/axe/4.10/role-img-alt?application=AxeDevToolsAPI,WCAG 2.0 Level A,1.1.1 Non-text Content,Paragraph A - Equivalent alternatives for non-text elements,"cat.text-alternatives, wcag2a, wcag111, section508, section508.22.a, TTv5, TT7.a, EN-301-549, EN-9.1.1.1, ACT",2024-09-03T15:48:44.287Z,4.10.0,No,,,A11yResults.rtl-component,
http://localhost/,A11yResults.rtl-component,Inapplicable,,,,,false,scrollable-region-focusable,Scrollable region must have keyboard access,Ensure elements that have scrollable content are accessible by keyboard,https://dequeuniversity.com/rules/axe/4.10/scrollable-region-focusable?application=AxeDevToolsAPI,WCAG 2.0 Level A,"2.1.1 Keyboard, 2.1.3 Keyboard (No Exception)",,"cat.keyboard, wcag2a, wcag211, wcag213, TTv5, TT4.a, EN-301-549, EN-9.2.1.1, EN-9.2.1.3",2024-09-03T15:48:44.287Z,4.10.0,No,,,A11yResults.rtl-component,
http://localhost/,A11yResults.rtl-component,Inapplicable,,,,,false,select-name,Select element must have an accessible name,Ensure select element has an accessible name,https://dequeuniversity.com/rules/axe/4.10/select-name?application=AxeDevToolsAPI,WCAG 2.0 Level A,"4.1.2 Name, Role, Value",Paragraph N - Electronic forms,"cat.forms, wcag2a, wcag412, section508, section508.22.n, TTv5, TT5.c, EN-301-549, EN-9.4.1.2, ACT",2024-09-03T15:48:44.287Z,4.10.0,No,,,A11yResults.rtl-component,
http://localhost/,A11yResults.rtl-component,Inapplicable,,,,,false,server-side-image-map,Server-side image maps must not be used,Ensure that server-side image maps are not used,https://dequeuniversity.com/rules/axe/4.10/server-side-image-map?application=AxeDevToolsAPI,WCAG 2.0 Level A,2.1.1 Keyboard,Paragraph F - Convert server-side image maps to client-side image maps,"cat.text-alternatives, wcag2a, wcag211, section508, section508.22.f, TTv5, TT4.a, EN-301-549, EN-9.2.1.1",2024-09-03T15:48:44.287Z,4.10.0,No,,,A11yResults.rtl-component,
http://localhost/,A11yResults.rtl-component,Inapplicable,,,,,false,summary-name,Summary elements must have discernible text,Ensure summary elements have discernible text,https://dequeuniversity.com/rules/axe/4.10/summary-name?application=AxeDevToolsAPI,WCAG 2.0 Level A,"4.1.2 Name, Role, Value",Paragraph A - Equivalent alternatives for non-text elements,"cat.name-role-value, wcag2a, wcag412, section508, section508.22.a, TTv5, TT6.a, EN-301-549, EN-9.4.1.2",2024-09-03T15:48:44.287Z,4.10.0,No,,,A11yResults.rtl-component,
http://localhost/,A11yResults.rtl-component,Inapplicable,,,,,false,svg-img-alt,<svg> elements with an img role must have an alternative text,"Ensure <svg> elements with an img, graphics-document or graphics-symbol role have an accessible text",https://dequeuniversity.com/rules/axe/4.10/svg-img-alt?application=AxeDevToolsAPI,WCAG 2.0 Level A,1.1.1 Non-text Content,Paragraph A - Equivalent alternatives for non-text elements,"cat.text-alternatives, wcag2a, wcag111, section508, section508.22.a, TTv5, TT7.a, EN-301-549, EN-9.1.1.1, ACT",2024-09-03T15:48:44.287Z,4.10.0,No,,,A11yResults.rtl-component,
http://localhost/,A11yResults.rtl-component,Inapplicable,,,,,false,td-headers-attr,Table cells that use the headers attribute must only refer to cells in the same table,Ensure that each cell in a table that uses the headers attribute refers only to other cells in that table,https://dequeuniversity.com/rules/axe/4.10/td-headers-attr?application=AxeDevToolsAPI,WCAG 2.0 Level A,1.3.1 Info and Relationships,Paragraph G - Row and column headers for data tables,"cat.tables, wcag2a, wcag131, section508, section508.22.g, TTv5, TT14.b, EN-301-549, EN-9.1.3.1",2024-09-03T15:48:44.287Z,4.10.0,No,,,A11yResults.rtl-component,
http://localhost/,A11yResults.rtl-component,Inapplicable,,,,,false,th-has-data-cells,Table headers in a data table must refer to data cells,Ensure that <th> elements and elements with role=columnheader/rowheader have data cells they describe,https://dequeuniversity.com/rules/axe/4.10/th-has-data-cells?application=AxeDevToolsAPI,WCAG 2.0 Level A,1.3.1 Info and Relationships,Paragraph G - Row and column headers for data tables,"cat.tables, wcag2a, wcag131, section508, section508.22.g, TTv5, TT14.b, EN-301-549, EN-9.1.3.1",2024-09-03T15:48:44.287Z,4.10.0,No,,,A11yResults.rtl-component,
http://localhost/,A11yResults.rtl-component,Inapplicable,,,,,false,video-caption,<video> elements must have captions,Ensure <video> elements have captions,https://dequeuniversity.com/rules/axe/4.10/video-caption?application=AxeDevToolsAPI,WCAG 2.0 Level A,1.2.2 Captions (Prerecorded),Paragraph A - Equivalent alternatives for non-text elements,"cat.text-alternatives, wcag2a, wcag122, section508, section508.22.a, TTv5, TT17.a, EN-301-549, EN-9.1.2.2",2024-09-03T15:48:44.287Z,4.10.0,No,,,A11yResults.rtl-component,
http://localhost/,A11yResults.rtl-component,Inapplicable,,,,,false,meta-viewport,Zooming and scaling must not be disabled,"Ensure <meta name=""viewport""> does not disable text scaling and zooming",https://dequeuniversity.com/rules/axe/4.10/meta-viewport?application=AxeDevToolsAPI,WCAG 2.0 Level AA,1.4.4 Resize text,,"cat.sensory-and-visual-cues, wcag2aa, wcag144, EN-301-549, EN-9.1.4.4, ACT",2024-09-03T15:48:44.287Z,4.10.0,No,,,A11yResults.rtl-component,
http://localhost/,A11yResults.rtl-component,Inapplicable,,,,,false,valid-lang,lang attribute must have a valid value,Ensure lang attributes have valid values,https://dequeuniversity.com/rules/axe/4.10/valid-lang?application=AxeDevToolsAPI,WCAG 2.0 Level AA,3.1.2 Language of Parts,,"cat.language, wcag2aa, wcag312, TTv5, TT11.b, EN-301-549, EN-9.3.1.2, ACT",2024-09-03T15:48:44.287Z,4.10.0,No,,,A11yResults.rtl-component,
http://localhost/,A11yResults.rtl-component,Inapplicable,,,,,false,autocomplete-valid,autocomplete attribute must be used correctly,Ensure the autocomplete attribute is correct and suitable for the form field,https://dequeuniversity.com/rules/axe/4.10/autocomplete-valid?application=AxeDevToolsAPI,WCAG 2.1 Level AA,1.3.5 Identify Input Purpose,,"cat.forms, wcag21aa, wcag135, EN-301-549, EN-9.1.3.5, ACT",2024-09-03T15:48:44.287Z,4.10.0,No,,,A11yResults.rtl-component,
http://localhost/,A11yResults.rtl-component,Inapplicable,,,,,false,avoid-inline-spacing,Inline text spacing must be adjustable with custom stylesheets,Ensure that text spacing set through style attributes can be adjusted with custom stylesheets,https://dequeuniversity.com/rules/axe/4.10/avoid-inline-spacing?application=AxeDevToolsAPI,WCAG 2.1 Level AA,1.4.12 Text Spacing,,"cat.structure, wcag21aa, wcag1412, EN-301-549, EN-9.1.4.12, ACT",2024-09-03T15:48:44.287Z,4.10.0,No,,,A11yResults.rtl-component,
http://localhost/,A11yResults.rtl-component,Inapplicable,,,,,false,accesskeys,accesskey attribute value should be unique,Ensure every accesskey attribute value is unique,https://dequeuniversity.com/rules/axe/4.10/accesskeys?application=AxeDevToolsAPI,Best practice,,,"cat.keyboard, best-practice",2024-09-03T15:48:44.287Z,4.10.0,No,,,A11yResults.rtl-component,
http://localhost/,A11yResults.rtl-component,Inapplicable,,,,,false,aria-allowed-role,ARIA role should be appropriate for the element,Ensure role attribute has an appropriate value for the element,https://dequeuniversity.com/rules/axe/4.10/aria-allowed-role?application=AxeDevToolsAPI,Best practice,,,"cat.aria, best-practice",2024-09-03T15:48:44.287Z,4.10.0,No,,,A11yResults.rtl-component,
http://localhost/,A11yResults.rtl-component,Inapplicable,,,,,false,aria-dialog-name,ARIA dialog and alertdialog nodes should have an accessible name,Ensure every ARIA dialog and alertdialog node has an accessible name,https://dequeuniversity.com/rules/axe/4.10/aria-dialog-name?application=AxeDevToolsAPI,Best practice,,,"cat.aria, best-practice",2024-09-03T15:48:44.287Z,4.10.0,No,,,A11yResults.rtl-component,
http://localhost/,A11yResults.rtl-component,Inapplicable,,,,,false,aria-text,"""role=text"" should have no focusable descendants","Ensure role=""text"" is used on elements with no focusable descendants",https://dequeuniversity.com/rules/axe/4.10/aria-text?application=AxeDevToolsAPI,Best practice,,,"cat.aria, best-practice",2024-09-03T15:48:44.287Z,4.10.0,No,,,A11yResults.rtl-component,
http://localhost/,A11yResults.rtl-component,Inapplicable,,,,,false,aria-treeitem-name,ARIA treeitem nodes should have an accessible name,Ensure every ARIA treeitem node has an accessible name,https://dequeuniversity.com/rules/axe/4.10/aria-treeitem-name?application=AxeDevToolsAPI,Best practice,,,"cat.aria, best-practice",2024-09-03T15:48:44.287Z,4.10.0,No,,,A11yResults.rtl-component,
http://localhost/,A11yResults.rtl-component,Inapplicable,,,,,false,empty-table-header,Table header text should not be empty,Ensure table headers have discernible text,https://dequeuniversity.com/rules/axe/4.10/empty-table-header?application=AxeDevToolsAPI,Best practice,,,"cat.name-role-value, best-practice",2024-09-03T15:48:44.287Z,4.10.0,No,,,A11yResults.rtl-component,
http://localhost/,A11yResults.rtl-component,Inapplicable,,,,,false,frame-tested,Frames should be tested with axe-core,Ensure <iframe> and <frame> elements contain the axe-core script,https://dequeuniversity.com/rules/axe/4.10/frame-tested?application=AxeDevToolsAPI,Best practice,,,"cat.structure, best-practice, review-item",2024-09-03T15:48:44.287Z,4.10.0,No,,,A11yResults.rtl-component,
http://localhost/,A11yResults.rtl-component,Inapplicable,,,,,false,label-title-only,Form elements should have a visible label,"Ensure that every form element has a visible label and is not solely labeled using hidden labels, or the title or aria-describedby attributes",https://dequeuniversity.com/rules/axe/4.10/label-title-only?application=AxeDevToolsAPI,Best practice,,,"cat.forms, best-practice",2024-09-03T15:48:44.287Z,4.10.0,No,,,A11yResults.rtl-component,
http://localhost/,A11yResults.rtl-component,Inapplicable,,,,,false,landmark-banner-is-top-level,Banner landmark should not be contained in another landmark,Ensure the banner landmark is at top level,https://dequeuniversity.com/rules/axe/4.10/landmark-banner-is-top-level?application=AxeDevToolsAPI,Best practice,,,"cat.semantics, best-practice",2024-09-03T15:48:44.287Z,4.10.0,No,,,A11yResults.rtl-component,
http://localhost/,A11yResults.rtl-component,Inapplicable,,,,,false,landmark-complementary-is-top-level,Aside should not be contained in another landmark,Ensure the complementary landmark or aside is at top level,https://dequeuniversity.com/rules/axe/4.10/landmark-complementary-is-top-level?application=AxeDevToolsAPI,Best practice,,,"cat.semantics, best-practice",2024-09-03T15:48:44.287Z,4.10.0,No,,,A11yResults.rtl-component,
http://localhost/,A11yResults.rtl-component,Inapplicable,,,,,false,landmark-contentinfo-is-top-level,Contentinfo landmark should not be contained in another landmark,Ensure the contentinfo landmark is at top level,https://dequeuniversity.com/rules/axe/4.10/landmark-contentinfo-is-top-level?application=AxeDevToolsAPI,Best practice,,,"cat.semantics, best-practice",2024-09-03T15:48:44.287Z,4.10.0,No,,,A11yResults.rtl-component,
http://localhost/,A11yResults.rtl-component,Inapplicable,,,,,false,landmark-main-is-top-level,Main landmark should not be contained in another landmark,Ensure the main landmark is at top level,https://dequeuniversity.com/rules/axe/4.10/landmark-main-is-top-level?application=AxeDevToolsAPI,Best practice,,,"cat.semantics, best-practice",2024-09-03T15:48:44.287Z,4.10.0,No,,,A11yResults.rtl-component,
http://localhost/,A11yResults.rtl-component,Inapplicable,,,,,false,landmark-no-duplicate-banner,Document should not have more than one banner landmark,Ensure the document has at most one banner landmark,https://dequeuniversity.com/rules/axe/4.10/landmark-no-duplicate-banner?application=AxeDevToolsAPI,Best practice,,,"cat.semantics, best-practice",2024-09-03T15:48:44.287Z,4.10.0,No,,,A11yResults.rtl-component,
http://localhost/,A11yResults.rtl-component,Inapplicable,,,,,false,landmark-no-duplicate-contentinfo,Document should not have more than one contentinfo landmark,Ensure the document has at most one contentinfo landmark,https://dequeuniversity.com/rules/axe/4.10/landmark-no-duplicate-contentinfo?application=AxeDevToolsAPI,Best practice,,,"cat.semantics, best-practice",2024-09-03T15:48:44.287Z,4.10.0,No,,,A11yResults.rtl-component,
http://localhost/,A11yResults.rtl-component,Inapplicable,,,,,false,landmark-no-duplicate-main,Document should not have more than one main landmark,Ensure the document has at most one main landmark,https://dequeuniversity.com/rules/axe/4.10/landmark-no-duplicate-main?application=AxeDevToolsAPI,Best practice,,,"cat.semantics, best-practice",2024-09-03T15:48:44.287Z,4.10.0,No,,,A11yResults.rtl-component,
http://localhost/,A11yResults.rtl-component,Inapplicable,,,,,false,landmark-one-main,Document should have one main landmark,Ensure the document has a main landmark,https://dequeuniversity.com/rules/axe/4.10/landmark-one-main?application=AxeDevToolsAPI,Best practice,,,"cat.semantics, best-practice",2024-09-03T15:48:44.287Z,4.10.0,No,,,A11yResults.rtl-component,
http://localhost/,A11yResults.rtl-component,Inapplicable,,,,,false,landmark-unique,Landmarks should have a unique role or role/label/title (i.e. accessible name) combination,Ensure landmarks are unique,https://dequeuniversity.com/rules/axe/4.10/landmark-unique?application=AxeDevToolsAPI,Best practice,,,"cat.semantics, best-practice",2024-09-03T15:48:44.287Z,4.10.0,No,,,A11yResults.rtl-component,
http://localhost/,A11yResults.rtl-component,Inapplicable,,,,,false,meta-viewport-large,Users should be able to zoom and scale the text up to 500%,"Ensure <meta name=""viewport""> can scale a significant amount",https://dequeuniversity.com/rules/axe/4.10/meta-viewport-large?application=AxeDevToolsAPI,Best practice,,,"cat.sensory-and-visual-cues, best-practice",2024-09-03T15:48:44.287Z,4.10.0,No,,,A11yResults.rtl-component,
http://localhost/,A11yResults.rtl-component,Inapplicable,,,,,false,page-has-heading-one,Page should contain a level-one heading,"Ensure that the page, or at least one of its frames contains a level-one heading",https://dequeuniversity.com/rules/axe/4.10/page-has-heading-one?application=AxeDevToolsAPI,Best practice,,,"cat.semantics, best-practice",2024-09-03T15:48:44.287Z,4.10.0,No,,,A11yResults.rtl-component,
http://localhost/,A11yResults.rtl-component,Inapplicable,,,,,false,presentation-role-conflict,Ensure elements marked as presentational are consistently ignored,Elements marked as presentational should not have global ARIA or tabindex to ensure all screen readers ignore them,https://dequeuniversity.com/rules/axe/4.10/presentation-role-conflict?application=AxeDevToolsAPI,Best practice,,,"cat.aria, best-practice, ACT",2024-09-03T15:48:44.287Z,4.10.0,No,,,A11yResults.rtl-component,
http://localhost/,A11yResults.rtl-component,Inapplicable,,,,,false,region,All page content should be contained by landmarks,Ensure all page content is contained by landmarks,https://dequeuniversity.com/rules/axe/4.10/region?application=AxeDevToolsAPI,Best practice,,,"cat.keyboard, best-practice",2024-09-03T15:48:44.287Z,4.10.0,No,,,A11yResults.rtl-component,
http://localhost/,A11yResults.rtl-component,Inapplicable,,,,,false,scope-attr-valid,scope attribute should be used correctly,Ensure the scope attribute is used correctly on tables,https://dequeuniversity.com/rules/axe/4.10/scope-attr-valid?application=AxeDevToolsAPI,Best practice,,,"cat.tables, best-practice",2024-09-03T15:48:44.287Z,4.10.0,No,,,A11yResults.rtl-component,
http://localhost/,A11yResults.rtl-component,Inapplicable,,,,,false,skip-link,The skip-link target should exist and be focusable,Ensure all skip links have a focusable target,https://dequeuniversity.com/rules/axe/4.10/skip-link?application=AxeDevToolsAPI,Best practice,,,"cat.keyboard, best-practice",2024-09-03T15:48:44.287Z,4.10.0,No,,,A11yResults.rtl-component,
http://localhost/,A11yResults.rtl-component,Inapplicable,,,,,false,tabindex,Elements should not have tabindex greater than zero,Ensure tabindex attribute values are not greater than 0,https://dequeuniversity.com/rules/axe/4.10/tabindex?application=AxeDevToolsAPI,Best practice,,,"cat.keyboard, best-practice",2024-09-03T15:48:44.287Z,4.10.0,No,,,A11yResults.rtl-component,
http://localhost/,A11yResults.rtl-component,Inapplicable,,,,,false,table-duplicate-name,Tables should not have the same summary and caption,Ensure the <caption> element does not contain the same text as the summary attribute,https://dequeuniversity.com/rules/axe/4.10/table-duplicate-name?application=AxeDevToolsAPI,Best practice,,,"cat.tables, best-practice",2024-09-03T15:48:44.287Z,4.10.0,No,,,A11yResults.rtl-component,
http://localhost/,A11yResults.rtl-component,Passed,,"<img src=""image.jpg"">",img,,false,nested-interactive,Interactive controls must not be nested,Ensure interactive controls are not nested as they are not always announced by screen readers or can cause focus problems for assistive technologies,https://dequeuniversity.com/rules/axe/4.10/nested-interactive?application=AxeDevToolsAPI,WCAG 2.0 Level A,"4.1.2 Name, Role, Value",,"cat.keyboard, wcag2a, wcag412, TTv5, TT6.a, EN-301-549, EN-9.4.1.2",2024-09-03T15:48:44.287Z,4.10.0,No,,,A11yResults.rtl-component,
http://localhost/,A11yResults.rtl-component,Passed,,"<button value=""submit""></button>",button,,false,nested-interactive,Interactive controls must not be nested,Ensure interactive controls are not nested as they are not always announced by screen readers or can cause focus problems for assistive technologies,https://dequeuniversity.com/rules/axe/4.10/nested-interactive?application=AxeDevToolsAPI,WCAG 2.0 Level A,"4.1.2 Name, Role, Value",,"cat.keyboard, wcag2a, wcag412, TTv5, TT6.a, EN-301-549, EN-9.4.1.2",2024-09-03T15:48:44.287Z,4.10.0,No,,,A11yResults.rtl-component,
http://localhost/,A11yResults.rtl-component,Passed,,<h2> This is an example test in jest-RTL </h2>,h2,,false,empty-heading,Headings should not be empty,Ensure headings have discernible text,https://dequeuniversity.com/rules/axe/4.10/empty-heading?application=AxeDevToolsAPI,Best practice,,,"cat.name-role-value, best-practice",2024-09-03T15:48:44.287Z,4.10.0,No,,,A11yResults.rtl-component,
http://localhost/,A11yResults.rtl-component,Passed,,<h1>Hello World</h1>,h1,,false,empty-heading,Headings should not be empty,Ensure headings have discernible text,https://dequeuniversity.com/rules/axe/4.10/empty-heading?application=AxeDevToolsAPI,Best practice,,,"cat.name-role-value, best-practice",2024-09-03T15:48:44.287Z,4.10.0,No,,,A11yResults.rtl-component,
http://localhost/,A11yResults.rtl-component,Passed,,<h2> This is an example test in jest-RTL </h2>,h2,,false,heading-order,Heading levels should only increase by one,Ensure the order of headings is semantically correct,https://dequeuniversity.com/rules/axe/4.10/heading-order?application=AxeDevToolsAPI,Best practice,,,"cat.semantics, best-practice",2024-09-03T15:48:44.287Z,4.10.0,No,,,A11yResults.rtl-component,
http://localhost/,A11yResults.rtl-component,Passed,,<h1>Hello World</h1>,h1,,false,heading-order,Heading levels should only increase by one,Ensure the order of headings is semantically correct,https://dequeuniversity.com/rules/axe/4.10/heading-order?application=AxeDevToolsAPI,Best practice,,,"cat.semantics, best-practice",2024-09-03T15:48:44.287Z,4.10.0,No,,,A11yResults.rtl-component,
http://localhost/,A11yResults.rtl-component,Passed,,"<img src=""image.jpg"">",img,,false,image-redundant-alt,Alternative text of images should not be repeated as text,Ensure image alternative is not repeated as text,https://dequeuniversity.com/rules/axe/4.10/image-redundant-alt?application=AxeDevToolsAPI,Best practice,,,"cat.text-alternatives, best-practice",2024-09-03T15:48:44.287Z,4.10.0,No,,,A11yResults.rtl-component,